date,usd_index,usd_index_source,interest_rate,vix,vix_source
1980-01-31,35.86,FRED_TWEXBMTH_then_TWEXBGSMTH,12.0,,
1980-02-29,36.2089,FRED_TWEXBMTH_then_TWEXBGSMTH,12.86,,
1980-03-31,37.1465,FRED_TWEXBMTH_then_TWEXBGSMTH,15.2,,
1980-04-30,37.4326,FRED_TWEXBMTH_then_TWEXBGSMTH,13.2,,
1980-05-31,36.259,FRED_TWEXBMTH_then_TWEXBGSMTH,8.58,,
1980-06-30,35.6922,FRED_TWEXBMTH_then_TWEXBGSMTH,7.07,,
1980-07-31,35.7021,FRED_TWEXBMTH_then_TWEXBGSMTH,8.06,,
1980-08-31,36.1026,FRED_TWEXBMTH_then_TWEXBGSMTH,9.13,,
1980-09-30,35.8811,FRED_TWEXBMTH_then_TWEXBGSMTH,10.27,,
1980-10-31,36.0536,FRED_TWEXBMTH_then_TWEXBGSMTH,11.62,,
1980-11-30,36.7653,FRED_TWEXBMTH_then_TWEXBGSMTH,13.73,,
1980-12-31,37.1358,FRED_TWEXBMTH_then_TWEXBGSMTH,15.49,,
1981-01-31,37.0637,FRED_TWEXBMTH_then_TWEXBGSMTH,15.02,,
1981-02-28,38.05,FRED_TWEXBMTH_then_TWEXBGSMTH,14.79,,
1981-03-31,38.2959,FRED_TWEXBMTH_then_TWEXBGSMTH,13.36,,
1981-04-30,39.0399,FRED_TWEXBMTH_then_TWEXBGSMTH,13.69,,
1981-05-31,40.1449,FRED_TWEXBMTH_then_TWEXBGSMTH,16.3,,
1981-06-30,40.9463,FRED_TWEXBMTH_then_TWEXBGSMTH,14.73,,
1981-07-31,41.8342,FRED_TWEXBMTH_then_TWEXBGSMTH,14.95,,
1981-08-31,42.5119,FRED_TWEXBMTH_then_TWEXBGSMTH,15.51,,
1981-09-30,41.8378,FRED_TWEXBMTH_then_TWEXBGSMTH,14.7,,
1981-10-31,41.7382,FRED_TWEXBMTH_then_TWEXBGSMTH,13.54,,
1981-11-30,41.2352,FRED_TWEXBMTH_then_TWEXBGSMTH,10.86,,
1981-12-31,41.4273,FRED_TWEXBMTH_then_TWEXBGSMTH,10.85,,
1982-01-31,42.1104,FRED_TWEXBMTH_then_TWEXBGSMTH,12.28,,
1982-02-28,43.5598,FRED_TWEXBMTH_then_TWEXBGSMTH,13.48,,
1982-03-31,44.8249,FRED_TWEXBMTH_then_TWEXBGSMTH,12.68,,
1982-04-30,45.2875,FRED_TWEXBMTH_then_TWEXBGSMTH,12.7,,
1982-05-31,44.8653,FRED_TWEXBMTH_then_TWEXBGSMTH,12.09,,
1982-06-30,46.8101,FRED_TWEXBMTH_then_TWEXBGSMTH,12.47,,
1982-07-31,47.5219,FRED_TWEXBMTH_then_TWEXBGSMTH,11.35,,
1982-08-31,48.6651,FRED_TWEXBMTH_then_TWEXBGSMTH,8.68,,
1982-09-30,49.1017,FRED_TWEXBMTH_then_TWEXBGSMTH,7.92,,
1982-10-31,49.8821,FRED_TWEXBMTH_then_TWEXBGSMTH,7.71,,
1982-11-30,50.078,FRED_TWEXBMTH_then_TWEXBGSMTH,8.07,,
1982-12-31,49.2939,FRED_TWEXBMTH_then_TWEXBGSMTH,7.94,,
1983-01-31,49.2986,FRED_TWEXBMTH_then_TWEXBGSMTH,7.86,,
1983-02-28,50.1162,FRED_TWEXBMTH_then_TWEXBGSMTH,8.11,,
1983-03-31,50.7947,FRED_TWEXBMTH_then_TWEXBGSMTH,8.35,,
1983-04-30,51.5031,FRED_TWEXBMTH_then_TWEXBGSMTH,8.21,,
1983-05-31,51.681,FRED_TWEXBMTH_then_TWEXBGSMTH,8.19,,
1983-06-30,52.7268,FRED_TWEXBMTH_then_TWEXBGSMTH,8.79,,
1983-07-31,53.2555,FRED_TWEXBMTH_then_TWEXBGSMTH,9.08,,
1983-08-31,54.25,FRED_TWEXBMTH_then_TWEXBGSMTH,9.34,,
1983-09-30,54.588,FRED_TWEXBMTH_then_TWEXBGSMTH,9.0,,
1983-10-31,54.3601,FRED_TWEXBMTH_then_TWEXBGSMTH,8.64,,
1983-11-30,55.1389,FRED_TWEXBMTH_then_TWEXBGSMTH,8.76,,
1983-12-31,55.9662,FRED_TWEXBMTH_then_TWEXBGSMTH,9.0,,
1984-01-31,56.6598,FRED_TWEXBMTH_then_TWEXBGSMTH,8.9,,
1984-02-29,56.4816,FRED_TWEXBMTH_then_TWEXBGSMTH,9.09,,
1984-03-31,56.2779,FRED_TWEXBMTH_then_TWEXBGSMTH,9.52,,
1984-04-30,57.013,FRED_TWEXBMTH_then_TWEXBGSMTH,9.69,,
1984-05-31,58.3156,FRED_TWEXBMTH_then_TWEXBGSMTH,9.83,,
1984-06-30,59.0032,FRED_TWEXBMTH_then_TWEXBGSMTH,9.87,,
1984-07-31,60.7986,FRED_TWEXBMTH_then_TWEXBGSMTH,10.12,,
1984-08-31,61.1534,FRED_TWEXBMTH_then_TWEXBGSMTH,10.47,,
1984-09-30,62.8506,FRED_TWEXBMTH_then_TWEXBGSMTH,10.37,,
1984-10-31,63.849,FRED_TWEXBMTH_then_TWEXBGSMTH,9.74,,
1984-11-30,63.7735,FRED_TWEXBMTH_then_TWEXBGSMTH,8.61,,
1984-12-31,65.1475,FRED_TWEXBMTH_then_TWEXBGSMTH,8.06,,
1985-01-31,66.5187,FRED_TWEXBMTH_then_TWEXBGSMTH,7.76,,
1985-02-28,68.5337,FRED_TWEXBMTH_then_TWEXBGSMTH,8.27,,
1985-03-31,69.2367,FRED_TWEXBMTH_then_TWEXBGSMTH,8.52,,
1985-04-30,67.8008,FRED_TWEXBMTH_then_TWEXBGSMTH,7.95,,
1985-05-31,68.3559,FRED_TWEXBMTH_then_TWEXBGSMTH,7.48,,
1985-06-30,68.2042,FRED_TWEXBMTH_then_TWEXBGSMTH,6.95,,
1985-07-31,67.0258,FRED_TWEXBMTH_then_TWEXBGSMTH,7.08,,
1985-08-31,67.0263,FRED_TWEXBMTH_then_TWEXBGSMTH,7.14,,
1985-09-30,67.7718,FRED_TWEXBMTH_then_TWEXBGSMTH,7.1,,
1985-10-31,65.4388,FRED_TWEXBMTH_then_TWEXBGSMTH,7.16,,
1985-11-30,64.9168,FRED_TWEXBMTH_then_TWEXBGSMTH,7.24,,
1985-12-31,65.0381,FRED_TWEXBMTH_then_TWEXBGSMTH,7.1,,
1986-01-31,64.9783,FRED_TWEXBMTH_then_TWEXBGSMTH,7.07,18.121363636363636,FRED_VXOCLS_then_VIXCLS
1986-02-28,63.5747,FRED_TWEXBMTH_then_TWEXBGSMTH,7.06,20.62421052631579,FRED_VXOCLS_then_VIXCLS
1986-03-31,62.9331,FRED_TWEXBMTH_then_TWEXBGSMTH,6.56,23.564,FRED_VXOCLS_then_VIXCLS
1986-04-30,62.7122,FRED_TWEXBMTH_then_TWEXBGSMTH,6.06,23.015454545454546,FRED_VXOCLS_then_VIXCLS
1986-05-31,61.8118,FRED_TWEXBMTH_then_TWEXBGSMTH,6.15,18.8875,FRED_VXOCLS_then_VIXCLS
1986-06-30,62.3251,FRED_TWEXBMTH_then_TWEXBGSMTH,6.21,18.598095238095237,FRED_VXOCLS_then_VIXCLS
1986-07-31,61.4561,FRED_TWEXBMTH_then_TWEXBGSMTH,5.83,19.63909090909091,FRED_VXOCLS_then_VIXCLS
1986-08-31,60.9089,FRED_TWEXBMTH_then_TWEXBGSMTH,5.53,18.638095238095236,FRED_VXOCLS_then_VIXCLS
1986-09-30,61.1942,FRED_TWEXBMTH_then_TWEXBGSMTH,5.21,22.705238095238094,FRED_VXOCLS_then_VIXCLS
1986-10-31,61.4934,FRED_TWEXBMTH_then_TWEXBGSMTH,5.18,22.52391304347826,FRED_VXOCLS_then_VIXCLS
1986-11-30,62.3702,FRED_TWEXBMTH_then_TWEXBGSMTH,5.35,18.63157894736842,FRED_VXOCLS_then_VIXCLS
1986-12-31,62.4267,FRED_TWEXBMTH_then_TWEXBGSMTH,5.53,19.758636363636363,FRED_VXOCLS_then_VIXCLS
1987-01-31,60.8462,FRED_TWEXBMTH_then_TWEXBGSMTH,5.43,20.76666666666667,FRED_VXOCLS_then_VIXCLS
1987-02-28,60.5291,FRED_TWEXBMTH_then_TWEXBGSMTH,5.59,23.446315789473687,FRED_VXOCLS_then_VIXCLS
1987-03-31,60.4773,FRED_TWEXBMTH_then_TWEXBGSMTH,5.59,21.83727272727273,FRED_VXOCLS_then_VIXCLS
1987-04-30,59.7043,FRED_TWEXBMTH_then_TWEXBGSMTH,5.64,26.88142857142857,FRED_VXOCLS_then_VIXCLS
1987-05-31,59.6325,FRED_TWEXBMTH_then_TWEXBGSMTH,5.66,25.4115,FRED_VXOCLS_then_VIXCLS
1987-06-30,60.5782,FRED_TWEXBMTH_then_TWEXBGSMTH,5.67,21.624545454545455,FRED_VXOCLS_then_VIXCLS
1987-07-31,61.6028,FRED_TWEXBMTH_then_TWEXBGSMTH,5.69,17.80090909090909,FRED_VXOCLS_then_VIXCLS
1987-08-31,61.638,FRED_TWEXBMTH_then_TWEXBGSMTH,6.04,20.849047619047617,FRED_VXOCLS_then_VIXCLS
1987-09-30,60.9387,FRED_TWEXBMTH_then_TWEXBGSMTH,6.4,22.893809523809523,FRED_VXOCLS_then_VIXCLS
1987-10-31,61.0368,FRED_TWEXBMTH_then_TWEXBGSMTH,6.13,58.219545454545454,FRED_VXOCLS_then_VIXCLS
1987-11-30,59.4714,FRED_TWEXBMTH_then_TWEXBGSMTH,5.69,49.4365,FRED_VXOCLS_then_VIXCLS
1987-12-31,58.6431,FRED_TWEXBMTH_then_TWEXBGSMTH,5.77,41.7640909090909,FRED_VXOCLS_then_VIXCLS
1988-01-31,59.104,FRED_TWEXBMTH_then_TWEXBGSMTH,5.81,38.3365,FRED_VXOCLS_then_VIXCLS
1988-02-29,59.7802,FRED_TWEXBMTH_then_TWEXBGSMTH,5.66,33.674,FRED_VXOCLS_then_VIXCLS
1988-03-31,59.2901,FRED_TWEXBMTH_then_TWEXBGSMTH,5.7,29.356956521739132,FRED_VXOCLS_then_VIXCLS
1988-04-30,59.0075,FRED_TWEXBMTH_then_TWEXBGSMTH,5.91,27.405,FRED_VXOCLS_then_VIXCLS
1988-05-31,59.4392,FRED_TWEXBMTH_then_TWEXBGSMTH,6.26,25.716666666666665,FRED_VXOCLS_then_VIXCLS
1988-06-30,60.5403,FRED_TWEXBMTH_then_TWEXBGSMTH,6.46,25.270909090909093,FRED_VXOCLS_then_VIXCLS
1988-07-31,62.1886,FRED_TWEXBMTH_then_TWEXBGSMTH,6.73,23.644,FRED_VXOCLS_then_VIXCLS
1988-08-31,63.0768,FRED_TWEXBMTH_then_TWEXBGSMTH,7.06,23.707391304347826,FRED_VXOCLS_then_VIXCLS
1988-09-30,63.3727,FRED_TWEXBMTH_then_TWEXBGSMTH,7.24,19.524285714285714,FRED_VXOCLS_then_VIXCLS
1988-10-31,62.344,FRED_TWEXBMTH_then_TWEXBGSMTH,7.35,20.48190476190476,FRED_VXOCLS_then_VIXCLS
1988-11-30,61.3602,FRED_TWEXBMTH_then_TWEXBGSMTH,7.76,21.65904761904762,FRED_VXOCLS_then_VIXCLS
1988-12-31,61.5591,FRED_TWEXBMTH_then_TWEXBGSMTH,8.07,17.754285714285714,FRED_VXOCLS_then_VIXCLS
1989-01-31,62.9025,FRED_TWEXBMTH_then_TWEXBGSMTH,8.27,17.75809523809524,FRED_VXOCLS_then_VIXCLS
1989-02-28,63.2856,FRED_TWEXBMTH_then_TWEXBGSMTH,8.53,18.312631578947368,FRED_VXOCLS_then_VIXCLS
1989-03-31,64.3096,FRED_TWEXBMTH_then_TWEXBGSMTH,8.82,17.475454545454543,FRED_VXOCLS_then_VIXCLS
1989-04-30,64.8369,FRED_TWEXBMTH_then_TWEXBGSMTH,8.65,16.8875,FRED_VXOCLS_then_VIXCLS
1989-05-31,66.43,FRED_TWEXBMTH_then_TWEXBGSMTH,8.43,17.435,FRED_VXOCLS_then_VIXCLS
1989-06-30,68.0355,FRED_TWEXBMTH_then_TWEXBGSMTH,8.15,16.73227272727273,FRED_VXOCLS_then_VIXCLS
1989-07-31,67.3819,FRED_TWEXBMTH_then_TWEXBGSMTH,7.88,18.0565,FRED_VXOCLS_then_VIXCLS
1989-08-31,68.2819,FRED_TWEXBMTH_then_TWEXBGSMTH,7.9,19.323478260869564,FRED_VXOCLS_then_VIXCLS
1989-09-30,69.4326,FRED_TWEXBMTH_then_TWEXBGSMTH,7.75,16.7465,FRED_VXOCLS_then_VIXCLS
1989-10-31,68.9528,FRED_TWEXBMTH_then_TWEXBGSMTH,7.64,21.950909090909093,FRED_VXOCLS_then_VIXCLS
1989-11-30,69.3945,FRED_TWEXBMTH_then_TWEXBGSMTH,7.69,20.932380952380953,FRED_VXOCLS_then_VIXCLS
1989-12-31,69.6101,FRED_TWEXBMTH_then_TWEXBGSMTH,7.63,18.235,FRED_VXOCLS_then_VIXCLS
1990-01-31,70.1345,FRED_TWEXBMTH_then_TWEXBGSMTH,7.64,23.347272727272728,FRED_VXOCLS_then_VIXCLS
1990-02-28,71.1232,FRED_TWEXBMTH_then_TWEXBGSMTH,7.74,23.262631578947367,FRED_VXOCLS_then_VIXCLS
1990-03-31,72.9546,FRED_TWEXBMTH_then_TWEXBGSMTH,7.9,20.062272727272727,FRED_VXOCLS_then_VIXCLS
1990-04-30,73.3941,FRED_TWEXBMTH_then_TWEXBGSMTH,7.77,21.4035,FRED_VXOCLS_then_VIXCLS
1990-05-31,72.962,FRED_TWEXBMTH_then_TWEXBGSMTH,7.74,18.097727272727273,FRED_VXOCLS_then_VIXCLS
1990-06-30,73.2249,FRED_TWEXBMTH_then_TWEXBGSMTH,7.73,16.82238095238095,FRED_VXOCLS_then_VIXCLS
1990-07-31,72.0906,FRED_TWEXBMTH_then_TWEXBGSMTH,7.62,18.392857142857142,FRED_VXOCLS_then_VIXCLS
1990-08-31,71.0147,FRED_TWEXBMTH_then_TWEXBGSMTH,7.45,28.175217391304347,FRED_VXOCLS_then_VIXCLS
1990-09-30,70.5077,FRED_TWEXBMTH_then_TWEXBGSMTH,7.36,29.10736842105263,FRED_VXOCLS_then_VIXCLS
1990-10-31,69.3448,FRED_TWEXBMTH_then_TWEXBGSMTH,7.17,29.625652173913043,FRED_VXOCLS_then_VIXCLS
1990-11-30,69.4716,FRED_TWEXBMTH_then_TWEXBGSMTH,7.06,24.885714285714286,FRED_VXOCLS_then_VIXCLS
1990-12-31,70.6934,FRED_TWEXBMTH_then_TWEXBGSMTH,6.74,23.363,FRED_VXOCLS_then_VIXCLS
1991-01-31,71.0738,FRED_TWEXBMTH_then_TWEXBGSMTH,6.22,27.429090909090913,FRED_VXOCLS_then_VIXCLS
1991-02-28,70.7005,FRED_TWEXBMTH_then_TWEXBGSMTH,5.94,21.59842105263158,FRED_VXOCLS_then_VIXCLS
1991-03-31,73.3824,FRED_TWEXBMTH_then_TWEXBGSMTH,5.91,17.74421052631579,FRED_VXOCLS_then_VIXCLS
1991-04-30,74.5544,FRED_TWEXBMTH_then_TWEXBGSMTH,5.65,17.37272727272727,FRED_VXOCLS_then_VIXCLS
1991-05-31,75.0827,FRED_TWEXBMTH_then_TWEXBGSMTH,5.46,16.93227272727273,FRED_VXOCLS_then_VIXCLS
1991-06-30,76.2585,FRED_TWEXBMTH_then_TWEXBGSMTH,5.57,17.134999999999998,FRED_VXOCLS_then_VIXCLS
1991-07-31,76.408,FRED_TWEXBMTH_then_TWEXBGSMTH,5.58,17.294090909090908,FRED_VXOCLS_then_VIXCLS
1991-08-31,75.8928,FRED_TWEXBMTH_then_TWEXBGSMTH,5.33,15.681363636363637,FRED_VXOCLS_then_VIXCLS
1991-09-30,75.1196,FRED_TWEXBMTH_then_TWEXBGSMTH,5.22,16.9565,FRED_VXOCLS_then_VIXCLS
1991-10-31,75.1015,FRED_TWEXBMTH_then_TWEXBGSMTH,4.99,16.36391304347826,FRED_VXOCLS_then_VIXCLS
1991-11-30,74.4726,FRED_TWEXBMTH_then_TWEXBGSMTH,4.56,17.773500000000002,FRED_VXOCLS_then_VIXCLS
1991-12-31,74.126,FRED_TWEXBMTH_then_TWEXBGSMTH,4.07,18.347619047619048,FRED_VXOCLS_then_VIXCLS
1992-01-31,74.4082,FRED_TWEXBMTH_then_TWEXBGSMTH,3.8,17.68318181818182,FRED_VXOCLS_then_VIXCLS
1992-02-29,75.6435,FRED_TWEXBMTH_then_TWEXBGSMTH,3.84,17.47736842105263,FRED_VXOCLS_then_VIXCLS
1992-03-31,77.3368,FRED_TWEXBMTH_then_TWEXBGSMTH,4.04,17.520454545454545,FRED_VXOCLS_then_VIXCLS
1992-04-30,77.4242,FRED_TWEXBMTH_then_TWEXBGSMTH,3.75,16.562857142857144,FRED_VXOCLS_then_VIXCLS
1992-05-31,77.0866,FRED_TWEXBMTH_then_TWEXBGSMTH,3.63,15.077000000000002,FRED_VXOCLS_then_VIXCLS
1992-06-30,76.2443,FRED_TWEXBMTH_then_TWEXBGSMTH,3.66,15.203181818181816,FRED_VXOCLS_then_VIXCLS
1992-07-31,75.3025,FRED_TWEXBMTH_then_TWEXBGSMTH,3.21,13.601818181818182,FRED_VXOCLS_then_VIXCLS
1992-08-31,75.1183,FRED_TWEXBMTH_then_TWEXBGSMTH,3.13,14.421904761904763,FRED_VXOCLS_then_VIXCLS
1992-09-30,75.8731,FRED_TWEXBMTH_then_TWEXBGSMTH,2.91,13.696666666666667,FRED_VXOCLS_then_VIXCLS
1992-10-31,77.5271,FRED_TWEXBMTH_then_TWEXBGSMTH,2.86,17.63681818181818,FRED_VXOCLS_then_VIXCLS
1992-11-30,80.1583,FRED_TWEXBMTH_then_TWEXBGSMTH,3.13,14.4245,FRED_VXOCLS_then_VIXCLS
1992-12-31,80.8499,FRED_TWEXBMTH_then_TWEXBGSMTH,3.22,12.191363636363635,FRED_VXOCLS_then_VIXCLS
1993-01-31,82.0023,FRED_TWEXBMTH_then_TWEXBGSMTH,3.0,12.409,FRED_VXOCLS_then_VIXCLS
1993-02-28,82.5443,FRED_TWEXBMTH_then_TWEXBGSMTH,2.93,13.72157894736842,FRED_VXOCLS_then_VIXCLS
1993-03-31,82.4072,FRED_TWEXBMTH_then_TWEXBGSMTH,2.95,13.60608695652174,FRED_VXOCLS_then_VIXCLS
1993-04-30,81.5063,FRED_TWEXBMTH_then_TWEXBGSMTH,2.87,12.840952380952379,FRED_VXOCLS_then_VIXCLS
1993-05-31,81.8694,FRED_TWEXBMTH_then_TWEXBGSMTH,2.96,13.606,FRED_VXOCLS_then_VIXCLS
1993-06-30,82.7197,FRED_TWEXBMTH_then_TWEXBGSMTH,3.07,12.524090909090908,FRED_VXOCLS_then_VIXCLS
1993-07-31,84.0634,FRED_TWEXBMTH_then_TWEXBGSMTH,3.04,11.50047619047619,FRED_VXOCLS_then_VIXCLS
1993-08-31,84.242,FRED_TWEXBMTH_then_TWEXBGSMTH,3.02,11.928636363636365,FRED_VXOCLS_then_VIXCLS
1993-09-30,84.4005,FRED_TWEXBMTH_then_TWEXBGSMTH,2.95,12.931428571428572,FRED_VXOCLS_then_VIXCLS
1993-10-31,85.4585,FRED_TWEXBMTH_then_TWEXBGSMTH,3.02,11.875238095238094,FRED_VXOCLS_then_VIXCLS
1993-11-30,86.6715,FRED_TWEXBMTH_then_TWEXBGSMTH,3.1,14.083809523809524,FRED_VXOCLS_then_VIXCLS
1993-12-31,87.518,FRED_TWEXBMTH_then_TWEXBGSMTH,3.06,11.356363636363637,FRED_VXOCLS_then_VIXCLS
1994-01-31,90.388,FRED_TWEXBMTH_then_TWEXBGSMTH,2.98,11.29047619047619,FRED_VXOCLS_then_VIXCLS
1994-02-28,90.4705,FRED_TWEXBMTH_then_TWEXBGSMTH,3.25,13.64421052631579,FRED_VXOCLS_then_VIXCLS
1994-03-31,90.9911,FRED_TWEXBMTH_then_TWEXBGSMTH,3.5,15.223478260869564,FRED_VXOCLS_then_VIXCLS
1994-04-30,91.6541,FRED_TWEXBMTH_then_TWEXBGSMTH,3.68,16.471052631578946,FRED_VXOCLS_then_VIXCLS
1994-05-31,91.7219,FRED_TWEXBMTH_then_TWEXBGSMTH,4.14,13.897142857142857,FRED_VXOCLS_then_VIXCLS
1994-06-30,92.0166,FRED_TWEXBMTH_then_TWEXBGSMTH,4.14,13.408636363636363,FRED_VXOCLS_then_VIXCLS
1994-07-31,90.8465,FRED_TWEXBMTH_then_TWEXBGSMTH,4.33,12.4845,FRED_VXOCLS_then_VIXCLS
1994-08-31,90.84,FRED_TWEXBMTH_then_TWEXBGSMTH,4.48,11.889130434782608,FRED_VXOCLS_then_VIXCLS
1994-09-30,90.0052,FRED_TWEXBMTH_then_TWEXBGSMTH,4.62,13.233333333333333,FRED_VXOCLS_then_VIXCLS
1994-10-31,89.5426,FRED_TWEXBMTH_then_TWEXBGSMTH,4.95,15.245238095238093,FRED_VXOCLS_then_VIXCLS
1994-11-30,89.9678,FRED_TWEXBMTH_then_TWEXBGSMTH,5.29,16.383809523809525,FRED_VXOCLS_then_VIXCLS
1994-12-31,92.0418,FRED_TWEXBMTH_then_TWEXBGSMTH,5.6,14.177142857142858,FRED_VXOCLS_then_VIXCLS
1995-01-31,94.1002,FRED_TWEXBMTH_then_TWEXBGSMTH,5.71,12.274285714285714,FRED_VXOCLS_then_VIXCLS
1995-02-28,93.6275,FRED_TWEXBMTH_then_TWEXBGSMTH,5.77,11.47,FRED_VXOCLS_then_VIXCLS
1995-03-31,92.738,FRED_TWEXBMTH_then_TWEXBGSMTH,5.73,12.166521739130435,FRED_VXOCLS_then_VIXCLS
1995-04-30,90.1878,FRED_TWEXBMTH_then_TWEXBGSMTH,5.65,12.442631578947369,FRED_VXOCLS_then_VIXCLS
1995-05-31,90.1369,FRED_TWEXBMTH_then_TWEXBGSMTH,5.67,12.265909090909092,FRED_VXOCLS_then_VIXCLS
1995-06-30,90.3097,FRED_TWEXBMTH_then_TWEXBGSMTH,5.47,11.896818181818183,FRED_VXOCLS_then_VIXCLS
1995-07-31,90.3452,FRED_TWEXBMTH_then_TWEXBGSMTH,5.42,12.514,FRED_VXOCLS_then_VIXCLS
1995-08-31,92.4834,FRED_TWEXBMTH_then_TWEXBGSMTH,5.4,12.798260869565217,FRED_VXOCLS_then_VIXCLS
1995-09-30,93.8448,FRED_TWEXBMTH_then_TWEXBGSMTH,5.28,12.057,FRED_VXOCLS_then_VIXCLS
1995-10-31,93.6617,FRED_TWEXBMTH_then_TWEXBGSMTH,5.28,14.357272727272727,FRED_VXOCLS_then_VIXCLS
1995-11-30,94.8835,FRED_TWEXBMTH_then_TWEXBGSMTH,5.36,12.46904761904762,FRED_VXOCLS_then_VIXCLS
1995-12-31,95.567,FRED_TWEXBMTH_then_TWEXBGSMTH,5.14,11.7485,FRED_VXOCLS_then_VIXCLS
1996-01-31,96.4501,FRED_TWEXBMTH_then_TWEXBGSMTH,5.0,13.473636363636365,FRED_VXOCLS_then_VIXCLS
1996-02-29,96.6093,FRED_TWEXBMTH_then_TWEXBGSMTH,4.83,15.032999999999998,FRED_VXOCLS_then_VIXCLS
1996-03-31,96.6007,FRED_TWEXBMTH_then_TWEXBGSMTH,4.96,17.76238095238095,FRED_VXOCLS_then_VIXCLS
1996-04-30,96.8903,FRED_TWEXBMTH_then_TWEXBGSMTH,4.95,16.575238095238095,FRED_VXOCLS_then_VIXCLS
1996-05-31,97.3537,FRED_TWEXBMTH_then_TWEXBGSMTH,5.02,16.14636363636364,FRED_VXOCLS_then_VIXCLS
1996-06-30,97.8128,FRED_TWEXBMTH_then_TWEXBGSMTH,5.09,16.395,FRED_VXOCLS_then_VIXCLS
1996-07-31,97.6823,FRED_TWEXBMTH_then_TWEXBGSMTH,5.15,17.978636363636365,FRED_VXOCLS_then_VIXCLS
1996-08-31,97.26,FRED_TWEXBMTH_then_TWEXBGSMTH,5.05,15.760454545454547,FRED_VXOCLS_then_VIXCLS
1996-09-30,97.7927,FRED_TWEXBMTH_then_TWEXBGSMTH,5.09,16.578,FRED_VXOCLS_then_VIXCLS
1996-10-31,98.2434,FRED_TWEXBMTH_then_TWEXBGSMTH,4.99,16.38173913043478,FRED_VXOCLS_then_VIXCLS
1996-11-30,97.8598,FRED_TWEXBMTH_then_TWEXBGSMTH,5.03,15.997,FRED_VXOCLS_then_VIXCLS
1996-12-31,98.9296,FRED_TWEXBMTH_then_TWEXBGSMTH,4.91,19.260952380952382,FRED_VXOCLS_then_VIXCLS
1997-01-31,100.0,FRED_TWEXBMTH_then_TWEXBGSMTH,5.03,19.473333333333333,FRED_VXOCLS_then_VIXCLS
1997-02-28,101.8516,FRED_TWEXBMTH_then_TWEXBGSMTH,5.01,20.139473684210525,FRED_VXOCLS_then_VIXCLS
1997-03-31,102.6546,FRED_TWEXBMTH_then_TWEXBGSMTH,5.14,20.169999999999998,FRED_VXOCLS_then_VIXCLS
1997-04-30,103.452,FRED_TWEXBMTH_then_TWEXBGSMTH,5.16,19.662272727272725,FRED_VXOCLS_then_VIXCLS
1997-05-31,102.4414,FRED_TWEXBMTH_then_TWEXBGSMTH,5.05,19.924761904761905,FRED_VXOCLS_then_VIXCLS
1997-06-30,102.0955,FRED_TWEXBMTH_then_TWEXBGSMTH,4.93,20.194285714285712,FRED_VXOCLS_then_VIXCLS
1997-07-31,103.2968,FRED_TWEXBMTH_then_TWEXBGSMTH,5.05,20.529090909090908,FRED_VXOCLS_then_VIXCLS
1997-08-31,105.1786,FRED_TWEXBMTH_then_TWEXBGSMTH,5.14,23.084761904761905,FRED_VXOCLS_then_VIXCLS
1997-09-30,105.6641,FRED_TWEXBMTH_then_TWEXBGSMTH,4.95,23.812380952380952,FRED_VXOCLS_then_VIXCLS
1997-10-31,106.2741,FRED_TWEXBMTH_then_TWEXBGSMTH,4.97,23.87086956521739,FRED_VXOCLS_then_VIXCLS
1997-11-30,108.0039,FRED_TWEXBMTH_then_TWEXBGSMTH,5.14,32.20611111111111,FRED_VXOCLS_then_VIXCLS
1997-12-31,112.2393,FRED_TWEXBMTH_then_TWEXBGSMTH,5.16,26.276363636363637,FRED_VXOCLS_then_VIXCLS
1998-01-31,115.9906,FRED_TWEXBMTH_then_TWEXBGSMTH,5.04,23.8665,FRED_VXOCLS_then_VIXCLS
1998-02-28,114.4475,FRED_TWEXBMTH_then_TWEXBGSMTH,5.09,19.998947368421053,FRED_VXOCLS_then_VIXCLS
1998-03-31,114.1786,FRED_TWEXBMTH_then_TWEXBGSMTH,5.03,20.158636363636365,FRED_VXOCLS_then_VIXCLS
1998-04-30,113.9345,FRED_TWEXBMTH_then_TWEXBGSMTH,4.95,22.02857142857143,FRED_VXOCLS_then_VIXCLS
1998-05-31,114.8202,FRED_TWEXBMTH_then_TWEXBGSMTH,5.0,20.874000000000002,FRED_VXOCLS_then_VIXCLS
1998-06-30,117.3693,FRED_TWEXBMTH_then_TWEXBGSMTH,4.98,21.66272727272727,FRED_VXOCLS_then_VIXCLS
1998-07-31,117.6859,FRED_TWEXBMTH_then_TWEXBGSMTH,4.96,19.930000000000003,FRED_VXOCLS_then_VIXCLS
1998-08-31,119.6039,FRED_TWEXBMTH_then_TWEXBGSMTH,4.9,31.58809523809524,FRED_VXOCLS_then_VIXCLS
1998-09-30,118.2007,FRED_TWEXBMTH_then_TWEXBGSMTH,4.61,38.2047619047619,FRED_VXOCLS_then_VIXCLS
1998-10-31,115.0699,FRED_TWEXBMTH_then_TWEXBGSMTH,3.96,36.60818181818182,FRED_VXOCLS_then_VIXCLS
1998-11-30,115.0556,FRED_TWEXBMTH_then_TWEXBGSMTH,4.41,26.223000000000003,FRED_VXOCLS_then_VIXCLS
1998-12-31,114.3004,FRED_TWEXBMTH_then_TWEXBGSMTH,4.39,25.479090909090907,FRED_VXOCLS_then_VIXCLS
1999-01-31,114.5023,FRED_TWEXBMTH_then_TWEXBGSMTH,4.34,28.035263157894736,FRED_VXOCLS_then_VIXCLS
1999-02-28,116.0309,FRED_TWEXBMTH_then_TWEXBGSMTH,4.44,28.82263157894737,FRED_VXOCLS_then_VIXCLS
1999-03-31,117.4596,FRED_TWEXBMTH_then_TWEXBGSMTH,4.44,25.309565217391306,FRED_VXOCLS_then_VIXCLS
1999-04-30,116.8587,FRED_TWEXBMTH_then_TWEXBGSMTH,4.29,23.478571428571428,FRED_VXOCLS_then_VIXCLS
1999-05-31,116.6886,FRED_TWEXBMTH_then_TWEXBGSMTH,4.5,26.204500000000003,FRED_VXOCLS_then_VIXCLS
1999-06-30,117.2677,FRED_TWEXBMTH_then_TWEXBGSMTH,4.57,23.626363636363635,FRED_VXOCLS_then_VIXCLS
1999-07-31,117.3448,FRED_TWEXBMTH_then_TWEXBGSMTH,4.55,21.04904761904762,FRED_VXOCLS_then_VIXCLS
1999-08-31,116.2908,FRED_TWEXBMTH_then_TWEXBGSMTH,4.72,24.323636363636364,FRED_VXOCLS_then_VIXCLS
1999-09-30,115.6301,FRED_TWEXBMTH_then_TWEXBGSMTH,4.68,24.541428571428572,FRED_VXOCLS_then_VIXCLS
1999-10-31,115.1131,FRED_TWEXBMTH_then_TWEXBGSMTH,4.86,24.021428571428572,FRED_VXOCLS_then_VIXCLS
1999-11-30,115.3816,FRED_TWEXBMTH_then_TWEXBGSMTH,5.07,21.81809523809524,FRED_VXOCLS_then_VIXCLS
1999-12-31,115.4333,FRED_TWEXBMTH_then_TWEXBGSMTH,5.2,22.15909090909091,FRED_VXOCLS_then_VIXCLS
2000-01-31,115.2151,FRED_TWEXBMTH_then_TWEXBGSMTH,5.32,23.202,FRED_VXOCLS_then_VIXCLS
2000-02-29,116.6867,FRED_TWEXBMTH_then_TWEXBGSMTH,5.55,23.5955,FRED_VXOCLS_then_VIXCLS
2000-03-31,116.6735,FRED_TWEXBMTH_then_TWEXBGSMTH,5.69,22.718260869565217,FRED_VXOCLS_then_VIXCLS
2000-04-30,117.3307,FRED_TWEXBMTH_then_TWEXBGSMTH,5.66,27.164210526315788,FRED_VXOCLS_then_VIXCLS
2000-05-31,119.9141,FRED_TWEXBMTH_then_TWEXBGSMTH,5.79,26.37318181818182,FRED_VXOCLS_then_VIXCLS
2000-06-30,118.701,FRED_TWEXBMTH_then_TWEXBGSMTH,5.69,21.54,FRED_VXOCLS_then_VIXCLS
2000-07-31,118.9958,FRED_TWEXBMTH_then_TWEXBGSMTH,5.96,19.893,FRED_VXOCLS_then_VIXCLS
2000-08-31,119.8154,FRED_TWEXBMTH_then_TWEXBGSMTH,6.09,18.088695652173914,FRED_VXOCLS_then_VIXCLS
2000-09-30,121.2054,FRED_TWEXBMTH_then_TWEXBGSMTH,6.0,19.6875,FRED_VXOCLS_then_VIXCLS
2000-10-31,122.9712,FRED_TWEXBMTH_then_TWEXBGSMTH,6.11,25.2,FRED_VXOCLS_then_VIXCLS
2000-11-30,123.9732,FRED_TWEXBMTH_then_TWEXBGSMTH,6.17,26.38285714285714,FRED_VXOCLS_then_VIXCLS
2000-12-31,122.9532,FRED_TWEXBMTH_then_TWEXBGSMTH,5.77,26.5305,FRED_VXOCLS_then_VIXCLS
2001-01-31,122.8101,FRED_TWEXBMTH_then_TWEXBGSMTH,5.15,24.918571428571425,FRED_VXOCLS_then_VIXCLS
2001-02-28,123.537,FRED_TWEXBMTH_then_TWEXBGSMTH,4.88,23.411578947368422,FRED_VXOCLS_then_VIXCLS
2001-03-31,125.5514,FRED_TWEXBMTH_then_TWEXBGSMTH,4.42,28.49681818181818,FRED_VXOCLS_then_VIXCLS
2001-04-30,126.518,FRED_TWEXBMTH_then_TWEXBGSMTH,3.87,28.133999999999997,FRED_VXOCLS_then_VIXCLS
2001-05-31,126.3995,FRED_TWEXBMTH_then_TWEXBGSMTH,3.62,22.944090909090907,FRED_VXOCLS_then_VIXCLS
2001-06-30,127.227,FRED_TWEXBMTH_then_TWEXBGSMTH,3.49,20.94047619047619,FRED_VXOCLS_then_VIXCLS
2001-07-31,127.6435,FRED_TWEXBMTH_then_TWEXBGSMTH,3.51,22.316190476190474,FRED_VXOCLS_then_VIXCLS
2001-08-31,125.555,FRED_TWEXBMTH_then_TWEXBGSMTH,3.36,21.86173913043478,FRED_VXOCLS_then_VIXCLS
2001-09-30,125.8961,FRED_TWEXBMTH_then_TWEXBGSMTH,2.64,35.065333333333335,FRED_VXOCLS_then_VIXCLS
2001-10-31,126.7357,FRED_TWEXBMTH_then_TWEXBGSMTH,2.16,32.72130434782609,FRED_VXOCLS_then_VIXCLS
2001-11-30,127.2734,FRED_TWEXBMTH_then_TWEXBGSMTH,1.87,26.63095238095238,FRED_VXOCLS_then_VIXCLS
2001-12-31,127.3909,FRED_TWEXBMTH_then_TWEXBGSMTH,1.69,23.72,FRED_VXOCLS_then_VIXCLS
2002-01-31,128.898,FRED_TWEXBMTH_then_TWEXBGSMTH,1.65,22.252857142857142,FRED_VXOCLS_then_VIXCLS
2002-02-28,129.6402,FRED_TWEXBMTH_then_TWEXBGSMTH,1.72,22.87578947368421,FRED_VXOCLS_then_VIXCLS
2002-03-31,128.9149,FRED_TWEXBMTH_then_TWEXBGSMTH,1.79,18.985,FRED_VXOCLS_then_VIXCLS
2002-04-30,128.5416,FRED_TWEXBMTH_then_TWEXBGSMTH,1.71,19.900454545454547,FRED_VXOCLS_then_VIXCLS
2002-05-31,126.9577,FRED_TWEXBMTH_then_TWEXBGSMTH,1.73,20.087727272727275,FRED_VXOCLS_then_VIXCLS
2002-06-30,125.5364,FRED_TWEXBMTH_then_TWEXBGSMTH,1.7,25.271,FRED_VXOCLS_then_VIXCLS
2002-07-31,123.8053,FRED_TWEXBMTH_then_TWEXBGSMTH,1.68,34.04954545454546,FRED_VXOCLS_then_VIXCLS
2002-08-31,125.1962,FRED_TWEXBMTH_then_TWEXBGSMTH,1.62,33.74272727272727,FRED_VXOCLS_then_VIXCLS
2002-09-30,126.0642,FRED_TWEXBMTH_then_TWEXBGSMTH,1.63,37.6475,FRED_VXOCLS_then_VIXCLS
2002-10-31,127.0413,FRED_TWEXBMTH_then_TWEXBGSMTH,1.58,35.24304347826087,FRED_VXOCLS_then_VIXCLS
2002-11-30,125.732,FRED_TWEXBMTH_then_TWEXBGSMTH,1.23,28.175,FRED_VXOCLS_then_VIXCLS
2002-12-31,125.0607,FRED_TWEXBMTH_then_TWEXBGSMTH,1.19,28.21047619047619,FRED_VXOCLS_then_VIXCLS
2003-01-31,123.5596,FRED_TWEXBMTH_then_TWEXBGSMTH,1.17,27.424285714285713,FRED_VXOCLS_then_VIXCLS
2003-02-28,123.3993,FRED_TWEXBMTH_then_TWEXBGSMTH,1.17,32.21842105263158,FRED_VXOCLS_then_VIXCLS
2003-03-31,122.8932,FRED_TWEXBMTH_then_TWEXBGSMTH,1.13,30.634285714285717,FRED_VXOCLS_then_VIXCLS
2003-04-30,121.9479,FRED_TWEXBMTH_then_TWEXBGSMTH,1.13,23.99190476190476,FRED_VXOCLS_then_VIXCLS
2003-05-31,117.9449,FRED_TWEXBMTH_then_TWEXBGSMTH,1.07,20.23952380952381,FRED_VXOCLS_then_VIXCLS
2003-06-30,117.3416,FRED_TWEXBMTH_then_TWEXBGSMTH,0.92,20.362380952380953,FRED_VXOCLS_then_VIXCLS
2003-07-31,118.4927,FRED_TWEXBMTH_then_TWEXBGSMTH,0.9,19.161363636363635,FRED_VXOCLS_then_VIXCLS
2003-08-31,119.8556,FRED_TWEXBMTH_then_TWEXBGSMTH,0.95,19.274285714285714,FRED_VXOCLS_then_VIXCLS
2003-09-30,118.6206,FRED_TWEXBMTH_then_TWEXBGSMTH,0.94,19.532380952380954,FRED_VXOCLS_then_VIXCLS
2003-10-31,116.1571,FRED_TWEXBMTH_then_TWEXBGSMTH,0.92,18.023478260869567,FRED_VXOCLS_then_VIXCLS
2003-11-30,116.0338,FRED_TWEXBMTH_then_TWEXBGSMTH,0.93,17.40105263157895,FRED_VXOCLS_then_VIXCLS
2003-12-31,114.4802,FRED_TWEXBMTH_then_TWEXBGSMTH,0.9,16.826363636363638,FRED_VXOCLS_then_VIXCLS
2004-01-31,112.6356,FRED_TWEXBMTH_then_TWEXBGSMTH,0.88,16.101,FRED_VXOCLS_then_VIXCLS
2004-02-29,113.0747,FRED_TWEXBMTH_then_TWEXBGSMTH,0.93,15.99842105263158,FRED_VXOCLS_then_VIXCLS
2004-03-31,114.2224,FRED_TWEXBMTH_then_TWEXBGSMTH,0.94,17.687391304347827,FRED_VXOCLS_then_VIXCLS
2004-04-30,115.031,FRED_TWEXBMTH_then_TWEXBGSMTH,0.94,15.69857142857143,FRED_VXOCLS_then_VIXCLS
2004-05-31,116.8454,FRED_TWEXBMTH_then_TWEXBGSMTH,1.02,17.705000000000002,FRED_VXOCLS_then_VIXCLS
2004-06-30,115.7666,FRED_TWEXBMTH_then_TWEXBGSMTH,1.27,15.342727272727274,FRED_VXOCLS_then_VIXCLS
2004-07-31,114.9737,FRED_TWEXBMTH_then_TWEXBGSMTH,1.33,15.502380952380953,FRED_VXOCLS_then_VIXCLS
2004-08-31,115.1471,FRED_TWEXBMTH_then_TWEXBGSMTH,1.48,16.68409090909091,FRED_VXOCLS_then_VIXCLS
2004-09-30,114.7086,FRED_TWEXBMTH_then_TWEXBGSMTH,1.65,14.08095238095238,FRED_VXOCLS_then_VIXCLS
2004-10-31,113.0771,FRED_TWEXBMTH_then_TWEXBGSMTH,1.76,14.973809523809523,FRED_VXOCLS_then_VIXCLS
2004-11-30,110.1773,FRED_TWEXBMTH_then_TWEXBGSMTH,2.07,13.577619047619047,FRED_VXOCLS_then_VIXCLS
2004-12-31,108.9736,FRED_TWEXBMTH_then_TWEXBGSMTH,2.19,12.459545454545456,FRED_VXOCLS_then_VIXCLS
2005-01-31,109.5418,FRED_TWEXBMTH_then_TWEXBGSMTH,2.33,13.437999999999999,FRED_VXOCLS_then_VIXCLS
2005-02-28,109.7431,FRED_TWEXBMTH_then_TWEXBGSMTH,2.54,11.708947368421052,FRED_VXOCLS_then_VIXCLS
2005-03-31,109.1596,FRED_TWEXBMTH_then_TWEXBGSMTH,2.74,13.126363636363635,FRED_VXOCLS_then_VIXCLS
2005-04-30,110.0809,FRED_TWEXBMTH_then_TWEXBGSMTH,2.78,14.459047619047618,FRED_VXOCLS_then_VIXCLS
2005-05-31,110.5769,FRED_TWEXBMTH_then_TWEXBGSMTH,2.84,13.967619047619047,FRED_VXOCLS_then_VIXCLS
2005-06-30,111.6389,FRED_TWEXBMTH_then_TWEXBGSMTH,2.97,11.868636363636364,FRED_VXOCLS_then_VIXCLS
2005-07-31,112.1025,FRED_TWEXBMTH_then_TWEXBGSMTH,3.22,11.049,FRED_VXOCLS_then_VIXCLS
2005-08-31,110.6422,FRED_TWEXBMTH_then_TWEXBGSMTH,3.44,12.951304347826087,FRED_VXOCLS_then_VIXCLS
2005-09-30,110.5133,FRED_TWEXBMTH_then_TWEXBGSMTH,3.42,12.628095238095238,FRED_VXOCLS_then_VIXCLS
2005-10-31,111.5674,FRED_TWEXBMTH_then_TWEXBGSMTH,3.71,14.937619047619048,FRED_VXOCLS_then_VIXCLS
2005-11-30,112.3629,FRED_TWEXBMTH_then_TWEXBGSMTH,3.88,12.147619047619047,FRED_VXOCLS_then_VIXCLS
2005-12-31,111.6511,FRED_TWEXBMTH_then_TWEXBGSMTH,3.89,11.26,FRED_VXOCLS_then_VIXCLS
2006-01-31,100.0,FRED_TWEXBMTH_then_TWEXBGSMTH,4.24,12.036,FRED_VXOCLS_then_VIXCLS
2006-02-28,100.2112,FRED_TWEXBMTH_then_TWEXBGSMTH,4.43,12.471052631578948,FRED_VXOCLS_then_VIXCLS
2006-03-31,100.4281,FRED_TWEXBMTH_then_TWEXBGSMTH,4.51,11.69391304347826,FRED_VXOCLS_then_VIXCLS
2006-04-30,99.7435,FRED_TWEXBMTH_then_TWEXBGSMTH,4.6,11.84736842105263,FRED_VXOCLS_then_VIXCLS
2006-05-31,97.5118,FRED_TWEXBMTH_then_TWEXBGSMTH,4.72,14.454545454545455,FRED_VXOCLS_then_VIXCLS
2006-06-30,98.6927,FRED_TWEXBMTH_then_TWEXBGSMTH,4.79,16.918636363636363,FRED_VXOCLS_then_VIXCLS
2006-07-31,98.4387,FRED_TWEXBMTH_then_TWEXBGSMTH,4.95,15.325999999999999,FRED_VXOCLS_then_VIXCLS
2006-08-31,97.7138,FRED_TWEXBMTH_then_TWEXBGSMTH,4.96,13.351739130434783,FRED_VXOCLS_then_VIXCLS
2006-09-30,97.9814,FRED_TWEXBMTH_then_TWEXBGSMTH,4.81,12.1845,FRED_VXOCLS_then_VIXCLS
2006-10-31,98.3156,FRED_TWEXBMTH_then_TWEXBGSMTH,4.92,11.306363636363637,FRED_VXOCLS_then_VIXCLS
2006-11-30,97.5133,FRED_TWEXBMTH_then_TWEXBGSMTH,4.94,10.817619047619049,FRED_VXOCLS_then_VIXCLS
2006-12-31,96.7951,FRED_TWEXBMTH_then_TWEXBGSMTH,4.85,10.9645,FRED_VXOCLS_then_VIXCLS
2007-01-31,97.8338,FRED_TWEXBMTH_then_TWEXBGSMTH,4.98,11.0425,FRED_VXOCLS_then_VIXCLS
2007-02-28,97.4764,FRED_TWEXBMTH_then_TWEXBGSMTH,5.03,11.155263157894737,FRED_VXOCLS_then_VIXCLS
2007-03-31,97.0118,FRED_TWEXBMTH_then_TWEXBGSMTH,4.94,15.162727272727272,FRED_VXOCLS_then_VIXCLS
2007-04-30,95.6322,FRED_TWEXBMTH_then_TWEXBGSMTH,4.87,12.933000000000002,FRED_VXOCLS_then_VIXCLS
2007-05-31,94.7225,FRED_TWEXBMTH_then_TWEXBGSMTH,4.73,13.297727272727274,FRED_VXOCLS_then_VIXCLS
2007-06-30,94.4449,FRED_TWEXBMTH_then_TWEXBGSMTH,4.61,14.947619047619046,FRED_VXOCLS_then_VIXCLS
2007-07-31,93.2059,FRED_TWEXBMTH_then_TWEXBGSMTH,4.82,17.273333333333333,FRED_VXOCLS_then_VIXCLS
2007-08-31,93.7603,FRED_TWEXBMTH_then_TWEXBGSMTH,4.2,25.02608695652174,FRED_VXOCLS_then_VIXCLS
2007-09-30,92.4366,FRED_TWEXBMTH_then_TWEXBGSMTH,3.89,22.198947368421056,FRED_VXOCLS_then_VIXCLS
2007-10-31,90.4002,FRED_TWEXBMTH_then_TWEXBGSMTH,3.9,19.115652173913045,FRED_VXOCLS_then_VIXCLS
2007-11-30,89.053,FRED_TWEXBMTH_then_TWEXBGSMTH,3.27,25.58238095238095,FRED_VXOCLS_then_VIXCLS
2007-12-31,90.005,FRED_TWEXBMTH_then_TWEXBGSMTH,3.0,21.651,FRED_VXOCLS_then_VIXCLS
2008-01-31,89.3971,FRED_TWEXBMTH_then_TWEXBGSMTH,2.75,25.816190476190474,FRED_VXOCLS_then_VIXCLS
2008-02-29,88.6434,FRED_TWEXBMTH_then_TWEXBGSMTH,2.12,25.456,FRED_VXOCLS_then_VIXCLS
2008-03-31,86.8399,FRED_TWEXBMTH_then_TWEXBGSMTH,1.26,27.103500000000004,FRED_VXOCLS_then_VIXCLS
2008-04-30,86.5475,FRED_TWEXBMTH_then_TWEXBGSMTH,1.29,21.562727272727273,FRED_VXOCLS_then_VIXCLS
2008-05-31,86.8245,FRED_TWEXBMTH_then_TWEXBGSMTH,1.73,18.303333333333335,FRED_VXOCLS_then_VIXCLS
2008-06-30,87.0728,FRED_TWEXBMTH_then_TWEXBGSMTH,1.86,22.11047619047619,FRED_VXOCLS_then_VIXCLS
2008-07-31,86.4538,FRED_TWEXBMTH_then_TWEXBGSMTH,1.63,24.321818181818184,FRED_VXOCLS_then_VIXCLS
2008-08-31,88.945,FRED_TWEXBMTH_then_TWEXBGSMTH,1.72,20.695714285714285,FRED_VXOCLS_then_VIXCLS
2008-09-30,91.2651,FRED_TWEXBMTH_then_TWEXBGSMTH,1.13,30.23857142857143,FRED_VXOCLS_then_VIXCLS
2008-10-31,98.04,FRED_TWEXBMTH_then_TWEXBGSMTH,0.67,61.17739130434782,FRED_VXOCLS_then_VIXCLS
2008-11-30,100.7667,FRED_TWEXBMTH_then_TWEXBGSMTH,0.19,62.66894736842105,FRED_VXOCLS_then_VIXCLS
2008-12-31,99.6622,FRED_TWEXBMTH_then_TWEXBGSMTH,0.03,52.405,FRED_VXOCLS_then_VIXCLS
2009-01-31,100.3521,FRED_TWEXBMTH_then_TWEXBGSMTH,0.13,44.683,FRED_VXOCLS_then_VIXCLS
2009-02-28,102.9737,FRED_TWEXBMTH_then_TWEXBGSMTH,0.3,45.57052631578947,FRED_VXOCLS_then_VIXCLS
2009-03-31,103.4397,FRED_TWEXBMTH_then_TWEXBGSMTH,0.21,44.79545454545455,FRED_VXOCLS_then_VIXCLS
2009-04-30,100.7162,FRED_TWEXBMTH_then_TWEXBGSMTH,0.16,38.063809523809525,FRED_VXOCLS_then_VIXCLS
2009-05-31,97.5519,FRED_TWEXBMTH_then_TWEXBGSMTH,0.18,31.977999999999998,FRED_VXOCLS_then_VIXCLS
2009-06-30,96.0426,FRED_TWEXBMTH_then_TWEXBGSMTH,0.18,29.140454545454546,FRED_VXOCLS_then_VIXCLS
2009-07-31,95.6605,FRED_TWEXBMTH_then_TWEXBGSMTH,0.18,26.162727272727274,FRED_VXOCLS_then_VIXCLS
2009-08-31,94.373,FRED_TWEXBMTH_then_TWEXBGSMTH,0.17,25.337142857142858,FRED_VXOCLS_then_VIXCLS
2009-09-30,93.6638,FRED_TWEXBMTH_then_TWEXBGSMTH,0.12,24.92666666666667,FRED_VXOCLS_then_VIXCLS
2009-10-31,92.2598,FRED_TWEXBMTH_then_TWEXBGSMTH,0.07,24.252272727272725,FRED_VXOCLS_then_VIXCLS
2009-11-30,91.7996,FRED_TWEXBMTH_then_TWEXBGSMTH,0.05,23.788999999999998,FRED_VXOCLS_then_VIXCLS
2009-12-31,92.2586,FRED_TWEXBMTH_then_TWEXBGSMTH,0.05,21.239545454545453,FRED_VXOCLS_then_VIXCLS
2010-01-31,92.4403,FRED_TWEXBMTH_then_TWEXBGSMTH,0.06,20.643157894736845,FRED_VXOCLS_then_VIXCLS
2010-02-28,93.8867,FRED_TWEXBMTH_then_TWEXBGSMTH,0.11,22.54,FRED_VXOCLS_then_VIXCLS
2010-03-31,93.1499,FRED_TWEXBMTH_then_TWEXBGSMTH,0.15,17.767391304347825,FRED_VXOCLS_then_VIXCLS
2010-04-30,92.6391,FRED_TWEXBMTH_then_TWEXBGSMTH,0.16,17.424285714285716,FRED_VXOCLS_then_VIXCLS
2010-05-31,95.5306,FRED_TWEXBMTH_then_TWEXBGSMTH,0.16,31.9295,FRED_VXOCLS_then_VIXCLS
2010-06-30,96.0606,FRED_TWEXBMTH_then_TWEXBGSMTH,0.12,29.916363636363634,FRED_VXOCLS_then_VIXCLS
2010-07-31,94.4547,FRED_TWEXBMTH_then_TWEXBGSMTH,0.16,25.565238095238094,FRED_VXOCLS_then_VIXCLS
2010-08-31,93.6822,FRED_TWEXBMTH_then_TWEXBGSMTH,0.16,24.74590909090909,FRED_VXOCLS_then_VIXCLS
2010-09-30,92.7626,FRED_TWEXBMTH_then_TWEXBGSMTH,0.15,22.517619047619046,FRED_VXOCLS_then_VIXCLS
2010-10-31,90.2291,FRED_TWEXBMTH_then_TWEXBGSMTH,0.13,20.37333333333333,FRED_VXOCLS_then_VIXCLS
2010-11-30,90.5095,FRED_TWEXBMTH_then_TWEXBGSMTH,0.14,20.095714285714287,FRED_VXOCLS_then_VIXCLS
2010-12-31,91.1835,FRED_TWEXBMTH_then_TWEXBGSMTH,0.14,17.56954545454545,FRED_VXOCLS_then_VIXCLS
2011-01-31,90.1112,FRED_TWEXBMTH_then_TWEXBGSMTH,0.15,17.3155,FRED_VXOCLS_then_VIXCLS
2011-02-28,89.3967,FRED_TWEXBMTH_then_TWEXBGSMTH,0.13,17.43,FRED_VXOCLS_then_VIXCLS
2011-03-31,88.4872,FRED_TWEXBMTH_then_TWEXBGSMTH,0.1,20.723478260869566,FRED_VXOCLS_then_VIXCLS
2011-04-30,86.9214,FRED_TWEXBMTH_then_TWEXBGSMTH,0.06,16.244,FRED_VXOCLS_then_VIXCLS
2011-05-31,86.9464,FRED_TWEXBMTH_then_TWEXBGSMTH,0.04,16.91142857142857,FRED_VXOCLS_then_VIXCLS
2011-06-30,86.9412,FRED_TWEXBMTH_then_TWEXBGSMTH,0.04,19.153181818181817,FRED_VXOCLS_then_VIXCLS
2011-07-31,86.3178,FRED_TWEXBMTH_then_TWEXBGSMTH,0.04,19.2275,FRED_VXOCLS_then_VIXCLS
2011-08-31,86.8983,FRED_TWEXBMTH_then_TWEXBGSMTH,0.02,35.02913043478261,FRED_VXOCLS_then_VIXCLS
2011-09-30,89.7253,FRED_TWEXBMTH_then_TWEXBGSMTH,0.01,36.53,FRED_VXOCLS_then_VIXCLS
2011-10-31,90.6098,FRED_TWEXBMTH_then_TWEXBGSMTH,0.02,32.829047619047614,FRED_VXOCLS_then_VIXCLS
2011-11-30,91.2649,FRED_TWEXBMTH_then_TWEXBGSMTH,0.01,31.94190476190476,FRED_VXOCLS_then_VIXCLS
2011-12-31,92.2056,FRED_TWEXBMTH_then_TWEXBGSMTH,0.01,25.047619047619047,FRED_VXOCLS_then_VIXCLS
2012-01-31,91.6463,FRED_TWEXBMTH_then_TWEXBGSMTH,0.03,20.228,FRED_VXOCLS_then_VIXCLS
2012-02-29,89.9605,FRED_TWEXBMTH_then_TWEXBGSMTH,0.09,18.4205,FRED_VXOCLS_then_VIXCLS
2012-03-31,90.5112,FRED_TWEXBMTH_then_TWEXBGSMTH,0.08,16.167272727272728,FRED_VXOCLS_then_VIXCLS
2012-04-30,90.8156,FRED_TWEXBMTH_then_TWEXBGSMTH,0.08,17.823,FRED_VXOCLS_then_VIXCLS
2012-05-31,92.4928,FRED_TWEXBMTH_then_TWEXBGSMTH,0.09,21.001818181818184,FRED_VXOCLS_then_VIXCLS
2012-06-30,93.8809,FRED_TWEXBMTH_then_TWEXBGSMTH,0.09,21.13095238095238,FRED_VXOCLS_then_VIXCLS
2012-07-31,93.4062,FRED_TWEXBMTH_then_TWEXBGSMTH,0.1,17.565238095238094,FRED_VXOCLS_then_VIXCLS
2012-08-31,92.5283,FRED_TWEXBMTH_then_TWEXBGSMTH,0.1,15.689565217391305,FRED_VXOCLS_then_VIXCLS
2012-09-30,90.9802,FRED_TWEXBMTH_then_TWEXBGSMTH,0.11,15.284736842105264,FRED_VXOCLS_then_VIXCLS
2012-10-31,90.7566,FRED_TWEXBMTH_then_TWEXBGSMTH,0.1,16.276190476190475,FRED_VXOCLS_then_VIXCLS
2012-11-30,91.4751,FRED_TWEXBMTH_then_TWEXBGSMTH,0.09,16.701904761904764,FRED_VXOCLS_then_VIXCLS
2012-12-31,90.8804,FRED_TWEXBMTH_then_TWEXBGSMTH,0.07,17.307,FRED_VXOCLS_then_VIXCLS
2013-01-31,90.8255,FRED_TWEXBMTH_then_TWEXBGSMTH,0.07,13.505238095238095,FRED_VXOCLS_then_VIXCLS
2013-02-28,91.5509,FRED_TWEXBMTH_then_TWEXBGSMTH,0.1,14.072631578947368,FRED_VXOCLS_then_VIXCLS
2013-03-31,92.4132,FRED_TWEXBMTH_then_TWEXBGSMTH,0.09,13.0315,FRED_VXOCLS_then_VIXCLS
2013-04-30,92.0478,FRED_TWEXBMTH_then_TWEXBGSMTH,0.06,13.967272727272727,FRED_VXOCLS_then_VIXCLS
2013-05-31,92.529,FRED_TWEXBMTH_then_TWEXBGSMTH,0.04,13.493636363636364,FRED_VXOCLS_then_VIXCLS
2013-06-30,93.2836,FRED_TWEXBMTH_then_TWEXBGSMTH,0.05,17.2715,FRED_VXOCLS_then_VIXCLS
2013-07-31,93.8724,FRED_TWEXBMTH_then_TWEXBGSMTH,0.04,13.974545454545455,FRED_VXOCLS_then_VIXCLS
2013-08-31,93.7149,FRED_TWEXBMTH_then_TWEXBGSMTH,0.04,14.21,FRED_VXOCLS_then_VIXCLS
2013-09-30,93.4706,FRED_TWEXBMTH_then_TWEXBGSMTH,0.02,14.692000000000002,FRED_VXOCLS_then_VIXCLS
2013-10-31,92.4993,FRED_TWEXBMTH_then_TWEXBGSMTH,0.05,15.407826086956522,FRED_VXOCLS_then_VIXCLS
2013-11-30,93.3737,FRED_TWEXBMTH_then_TWEXBGSMTH,0.07,12.924000000000001,FRED_VXOCLS_then_VIXCLS
2013-12-31,93.534,FRED_TWEXBMTH_then_TWEXBGSMTH,0.07,14.192380952380953,FRED_VXOCLS_then_VIXCLS
2014-01-31,94.4648,FRED_TWEXBMTH_then_TWEXBGSMTH,0.04,14.24095238095238,FRED_VXOCLS_then_VIXCLS
2014-02-28,94.6456,FRED_TWEXBMTH_then_TWEXBGSMTH,0.05,15.47,FRED_VXOCLS_then_VIXCLS
2014-03-31,94.4408,FRED_TWEXBMTH_then_TWEXBGSMTH,0.05,14.836666666666666,FRED_VXOCLS_then_VIXCLS
2014-04-30,93.9956,FRED_TWEXBMTH_then_TWEXBGSMTH,0.03,14.19809523809524,FRED_VXOCLS_then_VIXCLS
2014-05-31,93.67,FRED_TWEXBMTH_then_TWEXBGSMTH,0.03,12.475238095238096,FRED_VXOCLS_then_VIXCLS
2014-06-30,93.8274,FRED_TWEXBMTH_then_TWEXBGSMTH,0.04,11.541428571428572,FRED_VXOCLS_then_VIXCLS
2014-07-31,93.6039,FRED_TWEXBMTH_then_TWEXBGSMTH,0.03,12.296363636363635,FRED_VXOCLS_then_VIXCLS
2014-08-31,94.5808,FRED_TWEXBMTH_then_TWEXBGSMTH,0.03,13.491904761904761,FRED_VXOCLS_then_VIXCLS
2014-09-30,96.1209,FRED_TWEXBMTH_then_TWEXBGSMTH,0.02,13.466666666666667,FRED_VXOCLS_then_VIXCLS
2014-10-31,97.4396,FRED_TWEXBMTH_then_TWEXBGSMTH,0.02,18.058695652173913,FRED_VXOCLS_then_VIXCLS
2014-11-30,99.1147,FRED_TWEXBMTH_then_TWEXBGSMTH,0.02,13.413157894736841,FRED_VXOCLS_then_VIXCLS
2014-12-31,101.4441,FRED_TWEXBMTH_then_TWEXBGSMTH,0.03,16.292272727272728,FRED_VXOCLS_then_VIXCLS
2015-01-31,103.7607,FRED_TWEXBMTH_then_TWEXBGSMTH,0.03,19.1195,FRED_VXOCLS_then_VIXCLS
2015-02-28,105.1685,FRED_TWEXBMTH_then_TWEXBGSMTH,0.02,15.90421052631579,FRED_VXOCLS_then_VIXCLS
2015-03-31,107.3647,FRED_TWEXBMTH_then_TWEXBGSMTH,0.03,14.812727272727273,FRED_VXOCLS_then_VIXCLS
2015-04-30,106.3523,FRED_TWEXBMTH_then_TWEXBGSMTH,0.02,13.494761904761905,FRED_VXOCLS_then_VIXCLS
2015-05-31,105.4065,FRED_TWEXBMTH_then_TWEXBGSMTH,0.02,13.3385,FRED_VXOCLS_then_VIXCLS
2015-06-30,106.179,FRED_TWEXBMTH_then_TWEXBGSMTH,0.02,14.339545454545457,FRED_VXOCLS_then_VIXCLS
2015-07-31,108.1236,FRED_TWEXBMTH_then_TWEXBGSMTH,0.03,14.352727272727272,FRED_VXOCLS_then_VIXCLS
2015-08-31,109.9768,FRED_TWEXBMTH_then_TWEXBGSMTH,0.07,19.42809523809524,FRED_VXOCLS_then_VIXCLS
2015-09-30,110.8513,FRED_TWEXBMTH_then_TWEXBGSMTH,0.02,24.377142857142857,FRED_VXOCLS_then_VIXCLS
2015-10-31,109.9036,FRED_TWEXBMTH_then_TWEXBGSMTH,0.02,16.789545454545454,FRED_VXOCLS_then_VIXCLS
2015-11-30,111.6916,FRED_TWEXBMTH_then_TWEXBGSMTH,0.12,16.21,FRED_VXOCLS_then_VIXCLS
2015-12-31,112.7857,FRED_TWEXBMTH_then_TWEXBGSMTH,0.23,18.025454545454547,FRED_VXOCLS_then_VIXCLS
2016-01-31,115.2344,FRED_TWEXBMTH_then_TWEXBGSMTH,0.26,23.717894736842105,FRED_VXOCLS_then_VIXCLS
2016-02-29,114.2817,FRED_TWEXBMTH_then_TWEXBGSMTH,0.31,22.517,FRED_VXOCLS_then_VIXCLS
2016-03-31,111.8934,FRED_TWEXBMTH_then_TWEXBGSMTH,0.29,15.84909090909091,FRED_VXOCLS_then_VIXCLS
2016-04-30,110.0171,FRED_TWEXBMTH_then_TWEXBGSMTH,0.23,14.300476190476191,FRED_VXOCLS_then_VIXCLS
2016-05-31,111.1405,FRED_TWEXBMTH_then_TWEXBGSMTH,0.27,14.852857142857141,FRED_VXOCLS_then_VIXCLS
2016-06-30,111.5596,FRED_TWEXBMTH_then_TWEXBGSMTH,0.27,17.774545454545457,FRED_VXOCLS_then_VIXCLS
2016-07-31,112.4773,FRED_TWEXBMTH_then_TWEXBGSMTH,0.3,13.1585,FRED_VXOCLS_then_VIXCLS
2016-08-31,111.4384,FRED_TWEXBMTH_then_TWEXBGSMTH,0.3,12.399565217391304,FRED_VXOCLS_then_VIXCLS
2016-09-30,112.3169,FRED_TWEXBMTH_then_TWEXBGSMTH,0.29,14.21952380952381,FRED_VXOCLS_then_VIXCLS
2016-10-31,113.4747,FRED_TWEXBMTH_then_TWEXBGSMTH,0.33,14.585238095238097,FRED_VXOCLS_then_VIXCLS
2016-11-30,116.1075,FRED_TWEXBMTH_then_TWEXBGSMTH,0.45,15.236190476190476,FRED_VXOCLS_then_VIXCLS
2016-12-31,117.9048,FRED_TWEXBMTH_then_TWEXBGSMTH,0.51,12.472380952380954,FRED_VXOCLS_then_VIXCLS
2017-01-31,117.7858,FRED_TWEXBMTH_then_TWEXBGSMTH,0.51,11.6085,FRED_VXOCLS_then_VIXCLS
2017-02-28,116.1204,FRED_TWEXBMTH_then_TWEXBGSMTH,0.52,11.530526315789475,FRED_VXOCLS_then_VIXCLS
2017-03-31,115.6558,FRED_TWEXBMTH_then_TWEXBGSMTH,0.74,11.89782608695652,FRED_VXOCLS_then_VIXCLS
2017-04-30,114.7698,FRED_TWEXBMTH_then_TWEXBGSMTH,0.8,13.136315789473684,FRED_VXOCLS_then_VIXCLS
2017-05-31,114.2591,FRED_TWEXBMTH_then_TWEXBGSMTH,0.89,10.862272727272726,FRED_VXOCLS_then_VIXCLS
2017-06-30,112.7603,FRED_TWEXBMTH_then_TWEXBGSMTH,0.98,10.513636363636364,FRED_VXOCLS_then_VIXCLS
2017-07-31,111.0606,FRED_TWEXBMTH_then_TWEXBGSMTH,1.07,10.2645,FRED_VXOCLS_then_VIXCLS
2017-08-31,109.9059,FRED_TWEXBMTH_then_TWEXBGSMTH,1.01,11.975652173913044,FRED_VXOCLS_then_VIXCLS
2017-09-30,108.8542,FRED_TWEXBMTH_then_TWEXBGSMTH,1.03,10.437999999999999,FRED_VXOCLS_then_VIXCLS
2017-10-31,110.8892,FRED_TWEXBMTH_then_TWEXBGSMTH,1.07,10.125454545454545,FRED_VXOCLS_then_VIXCLS
2017-11-30,111.1635,FRED_TWEXBMTH_then_TWEXBGSMTH,1.23,10.54047619047619,FRED_VXOCLS_then_VIXCLS
2017-12-31,110.8758,FRED_TWEXBMTH_then_TWEXBGSMTH,1.32,10.2645,FRED_VXOCLS_then_VIXCLS
2018-01-31,108.3568,FRED_TWEXBMTH_then_TWEXBGSMTH,1.41,11.062380952380952,FRED_VXOCLS_then_VIXCLS
2018-02-28,107.6501,FRED_TWEXBMTH_then_TWEXBGSMTH,1.57,22.464736842105264,FRED_VXOCLS_then_VIXCLS
2018-03-31,107.9472,FRED_TWEXBMTH_then_TWEXBGSMTH,1.7,19.023809523809526,FRED_VXOCLS_then_VIXCLS
2018-04-30,107.9434,FRED_TWEXBMTH_then_TWEXBGSMTH,1.76,18.267619047619046,FRED_VXOCLS_then_VIXCLS
2018-05-31,111.047,FRED_TWEXBMTH_then_TWEXBGSMTH,1.86,14.124545454545455,FRED_VXOCLS_then_VIXCLS
2018-06-30,112.8444,FRED_TWEXBMTH_then_TWEXBGSMTH,1.9,13.678095238095239,FRED_VXOCLS_then_VIXCLS
2018-07-31,113.0595,FRED_TWEXBMTH_then_TWEXBGSMTH,1.96,13.147619047619049,FRED_VXOCLS_then_VIXCLS
2018-08-31,113.8316,FRED_TWEXBMTH_then_TWEXBGSMTH,2.03,12.54695652173913,FRED_VXOCLS_then_VIXCLS
2018-09-30,114.0787,FRED_TWEXBMTH_then_TWEXBGSMTH,2.13,12.910526315789474,FRED_VXOCLS_then_VIXCLS
2018-10-31,114.8313,FRED_TWEXBMTH_then_TWEXBGSMTH,2.25,19.35217391304348,FRED_VXOCLS_then_VIXCLS
2018-11-30,116.169,FRED_TWEXBMTH_then_TWEXBGSMTH,2.33,19.38904761904762,FRED_VXOCLS_then_VIXCLS
2018-12-31,116.2118,FRED_TWEXBMTH_then_TWEXBGSMTH,2.37,24.953157894736844,FRED_VXOCLS_then_VIXCLS
2019-01-31,114.4425,FRED_TWEXBMTH_then_TWEXBGSMTH,2.37,19.57238095238095,FRED_VXOCLS_then_VIXCLS
2019-02-28,114.413,FRED_TWEXBMTH_then_TWEXBGSMTH,2.39,15.234736842105262,FRED_VXOCLS_then_VIXCLS
2019-03-31,114.7835,FRED_TWEXBMTH_then_TWEXBGSMTH,2.4,14.485238095238095,FRED_VXOCLS_then_VIXCLS
2019-04-30,114.9037,FRED_TWEXBMTH_then_TWEXBGSMTH,2.38,12.949047619047619,FRED_VXOCLS_then_VIXCLS
2019-05-31,115.9574,FRED_TWEXBMTH_then_TWEXBGSMTH,2.35,16.721818181818183,FRED_VXOCLS_then_VIXCLS
2019-06-30,115.4271,FRED_TWEXBMTH_then_TWEXBGSMTH,2.17,15.836000000000002,FRED_VXOCLS_then_VIXCLS
2019-07-31,115.0776,FRED_TWEXBMTH_then_TWEXBGSMTH,2.1,13.305909090909092,FRED_VXOCLS_then_VIXCLS
2019-08-31,117.1004,FRED_TWEXBMTH_then_TWEXBGSMTH,1.95,18.97909090909091,FRED_VXOCLS_then_VIXCLS
2019-09-30,117.3239,FRED_TWEXBMTH_then_TWEXBGSMTH,1.89,15.559000000000001,FRED_VXOCLS_then_VIXCLS
2019-10-31,116.7463,FRED_TWEXBMTH_then_TWEXBGSMTH,1.65,15.466521739130435,FRED_VXOCLS_then_VIXCLS
2019-11-30,116.5595,FRED_TWEXBMTH_then_TWEXBGSMTH,1.54,12.5235,FRED_VXOCLS_then_VIXCLS
2019-12-31,115.9096,FRED_TWEXBMTH_then_TWEXBGSMTH,1.54,13.756666666666666,FRED_VXOCLS_then_VIXCLS
2020-01-31,115.2794,FRED_TWEXBMTH_then_TWEXBGSMTH,1.52,13.94095238095238,FRED_VXOCLS_then_VIXCLS
2020-02-29,116.7105,FRED_TWEXBMTH_then_TWEXBGSMTH,1.52,19.628947368421052,FRED_VXOCLS_then_VIXCLS
2020-03-31,121.0227,FRED_TWEXBMTH_then_TWEXBGSMTH,0.29,57.73681818181819,FRED_VXOCLS_then_VIXCLS
2020-04-30,123.2803,FRED_TWEXBMTH_then_TWEXBGSMTH,0.14,41.453809523809525,FRED_VXOCLS_then_VIXCLS
2020-05-31,122.615,FRED_TWEXBMTH_then_TWEXBGSMTH,0.13,30.897000000000002,FRED_VXOCLS_then_VIXCLS
2020-06-30,119.6766,FRED_TWEXBMTH_then_TWEXBGSMTH,0.16,31.119545454545456,FRED_VXOCLS_then_VIXCLS
2020-07-31,118.69,FRED_TWEXBMTH_then_TWEXBGSMTH,0.13,26.840454545454545,FRED_VXOCLS_then_VIXCLS
2020-08-31,116.9453,FRED_TWEXBMTH_then_TWEXBGSMTH,0.1,22.88952380952381,FRED_VXOCLS_then_VIXCLS
2020-09-30,116.3431,FRED_TWEXBMTH_then_TWEXBGSMTH,0.11,27.64761904761905,FRED_VXOCLS_then_VIXCLS
2020-10-31,115.7798,FRED_TWEXBMTH_then_TWEXBGSMTH,0.1,29.438636363636363,FRED_VXOCLS_then_VIXCLS
2020-11-30,114.0984,FRED_TWEXBMTH_then_TWEXBGSMTH,0.09,24.9955,FRED_VXOCLS_then_VIXCLS
2020-12-31,111.8992,FRED_TWEXBMTH_then_TWEXBGSMTH,0.09,22.37409090909091,FRED_VXOCLS_then_VIXCLS
2021-01-31,111.4873,FRED_TWEXBMTH_then_TWEXBGSMTH,0.08,24.91,FRED_VXOCLS_then_VIXCLS
2021-02-28,112.0171,FRED_TWEXBMTH_then_TWEXBGSMTH,0.04,23.140526315789476,FRED_VXOCLS_then_VIXCLS
2021-03-31,113.3366,FRED_TWEXBMTH_then_TWEXBGSMTH,0.03,21.84304347826087,FRED_VXOCLS_then_VIXCLS
2021-04-30,112.6323,FRED_TWEXBMTH_then_TWEXBGSMTH,0.02,17.416190476190476,FRED_VXOCLS_then_VIXCLS
2021-05-31,111.2123,FRED_TWEXBMTH_then_TWEXBGSMTH,0.02,19.7605,FRED_VXOCLS_then_VIXCLS
2021-06-30,111.5777,FRED_TWEXBMTH_then_TWEXBGSMTH,0.04,16.956818181818182,FRED_VXOCLS_then_VIXCLS
2021-07-31,113.0633,FRED_TWEXBMTH_then_TWEXBGSMTH,0.05,17.603333333333335,FRED_VXOCLS_then_VIXCLS
2021-08-31,113.4025,FRED_TWEXBMTH_then_TWEXBGSMTH,0.05,17.472727272727273,FRED_VXOCLS_then_VIXCLS
2021-09-30,113.4438,FRED_TWEXBMTH_then_TWEXBGSMTH,0.04,19.824761904761903,FRED_VXOCLS_then_VIXCLS
2021-10-31,114.0635,FRED_TWEXBMTH_then_TWEXBGSMTH,0.05,17.871428571428574,FRED_VXOCLS_then_VIXCLS
2021-11-30,114.9898,FRED_TWEXBMTH_then_TWEXBGSMTH,0.05,18.50047619047619,FRED_VXOCLS_then_VIXCLS
2021-12-31,115.8045,FRED_TWEXBMTH_then_TWEXBGSMTH,0.06,21.354545454545455,FRED_VXOCLS_then_VIXCLS
2022-01-31,115.0373,FRED_TWEXBMTH_then_TWEXBGSMTH,0.15,23.181,FRED_VXOCLS_then_VIXCLS
2022-02-28,114.9977,FRED_TWEXBMTH_then_TWEXBGSMTH,0.33,25.748421052631578,FRED_VXOCLS_then_VIXCLS
2022-03-31,116.2908,FRED_TWEXBMTH_then_TWEXBGSMTH,0.44,26.968695652173913,FRED_VXOCLS_then_VIXCLS
2022-04-30,117.1688,FRED_TWEXBMTH_then_TWEXBGSMTH,0.76,24.3735,FRED_VXOCLS_then_VIXCLS
2022-05-31,119.6962,FRED_TWEXBMTH_then_TWEXBGSMTH,0.98,29.313636363636363,FRED_VXOCLS_then_VIXCLS
2022-06-30,120.0257,FRED_TWEXBMTH_then_TWEXBGSMTH,1.49,28.23318181818182,FRED_VXOCLS_then_VIXCLS
2022-07-31,122.7512,FRED_TWEXBMTH_then_TWEXBGSMTH,2.23,24.995238095238093,FRED_VXOCLS_then_VIXCLS
2022-08-31,122.3177,FRED_TWEXBMTH_then_TWEXBGSMTH,2.63,22.169565217391302,FRED_VXOCLS_then_VIXCLS
2022-09-30,125.5946,FRED_TWEXBMTH_then_TWEXBGSMTH,3.13,27.34181818181818,FRED_VXOCLS_then_VIXCLS
2022-10-31,127.4806,FRED_TWEXBMTH_then_TWEXBGSMTH,3.72,30.005714285714287,FRED_VXOCLS_then_VIXCLS
2022-11-30,124.8527,FRED_TWEXBMTH_then_TWEXBGSMTH,4.15,23.29909090909091,FRED_VXOCLS_then_VIXCLS
2022-12-31,122.2343,FRED_TWEXBMTH_then_TWEXBGSMTH,4.25,21.784285714285716,FRED_VXOCLS_then_VIXCLS
2023-01-31,119.8101,FRED_TWEXBMTH_then_TWEXBGSMTH,4.54,20.16904761904762,FRED_VXOCLS_then_VIXCLS
2023-02-28,120.3084,FRED_TWEXBMTH_then_TWEXBGSMTH,4.65,20.1205,FRED_VXOCLS_then_VIXCLS
2023-03-31,120.745,FRED_TWEXBMTH_then_TWEXBGSMTH,4.69,21.644347826086957,FRED_VXOCLS_then_VIXCLS
2023-04-30,119.2451,FRED_TWEXBMTH_then_TWEXBGSMTH,4.92,17.817894736842106,FRED_VXOCLS_then_VIXCLS
2023-05-31,119.6293,FRED_TWEXBMTH_then_TWEXBGSMTH,5.14,17.63608695652174,FRED_VXOCLS_then_VIXCLS
2023-06-30,119.2969,FRED_TWEXBMTH_then_TWEXBGSMTH,5.16,14.003181818181817,FRED_VXOCLS_then_VIXCLS
2023-07-31,118.0492,FRED_TWEXBMTH_then_TWEXBGSMTH,5.25,13.932380952380951,FRED_VXOCLS_then_VIXCLS
2023-08-31,119.8564,FRED_TWEXBMTH_then_TWEXBGSMTH,5.3,15.85391304347826,FRED_VXOCLS_then_VIXCLS
2023-09-30,121.6455,FRED_TWEXBMTH_then_TWEXBGSMTH,5.32,15.173333333333332,FRED_VXOCLS_then_VIXCLS
2023-10-31,123.4971,FRED_TWEXBMTH_then_TWEXBGSMTH,5.34,18.887727272727272,FRED_VXOCLS_then_VIXCLS
2023-11-30,121.2221,FRED_TWEXBMTH_then_TWEXBGSMTH,5.27,14.01909090909091,FRED_VXOCLS_then_VIXCLS
2023-12-31,119.8331,FRED_TWEXBMTH_then_TWEXBGSMTH,5.24,12.7185,FRED_VXOCLS_then_VIXCLS
2024-01-31,120.2274,FRED_TWEXBMTH_then_TWEXBGSMTH,5.22,13.388636363636364,FRED_VXOCLS_then_VIXCLS
2024-02-29,121.0659,FRED_TWEXBMTH_then_TWEXBGSMTH,5.24,13.980476190476189,FRED_VXOCLS_then_VIXCLS
2024-03-31,120.6588,FRED_TWEXBMTH_then_TWEXBGSMTH,5.24,13.7875,FRED_VXOCLS_then_VIXCLS
2024-04-30,122.1428,FRED_TWEXBMTH_then_TWEXBGSMTH,5.24,16.137727272727275,FRED_VXOCLS_then_VIXCLS
2024-05-31,121.8583,FRED_TWEXBMTH_then_TWEXBGSMTH,5.25,13.058695652173913,FRED_VXOCLS_then_VIXCLS
2024-06-30,123.7095,FRED_TWEXBMTH_then_TWEXBGSMTH,5.24,12.667,FRED_VXOCLS_then_VIXCLS
2024-07-31,123.3824,FRED_TWEXBMTH_then_TWEXBGSMTH,5.2,14.373913043478263,FRED_VXOCLS_then_VIXCLS
2024-08-31,122.6137,FRED_TWEXBMTH_then_TWEXBGSMTH,5.05,19.312272727272727,FRED_VXOCLS_then_VIXCLS
2024-09-30,121.8849,FRED_TWEXBMTH_then_TWEXBGSMTH,4.72,17.663333333333334,FRED_VXOCLS_then_VIXCLS
2024-10-31,123.5953,FRED_TWEXBMTH_then_TWEXBGSMTH,4.51,19.960869565217394,FRED_VXOCLS_then_VIXCLS
2024-11-30,126.3113,FRED_TWEXBMTH_then_TWEXBGSMTH,4.42,16.015238095238097,FRED_VXOCLS_then_VIXCLS
2024-12-31,127.5758,FRED_TWEXBMTH_then_TWEXBGSMTH,4.27,15.866190476190477,FRED_VXOCLS_then_VIXCLS
2025-01-31,128.8369,FRED_TWEXBMTH_then_TWEXBGSMTH,4.21,16.763636363636365,FRED_VXOCLS_then_VIXCLS
2025-02-28,127.8758,FRED_TWEXBMTH_then_TWEXBGSMTH,4.22,16.968,FRED_VXOCLS_then_VIXCLS
2025-03-31,126.243,FRED_TWEXBMTH_then_TWEXBGSMTH,4.2,21.841428571428573,FRED_VXOCLS_then_VIXCLS
2025-04-30,124.1402,FRED_TWEXBMTH_then_TWEXBGSMTH,4.21,31.966190476190473,FRED_VXOCLS_then_VIXCLS
2025-05-31,122.3422,FRED_TWEXBMTH_then_TWEXBGSMTH,4.25,20.46227272727273,FRED_VXOCLS_then_VIXCLS
2025-06-30,120.5939,FRED_TWEXBMTH_then_TWEXBGSMTH,4.23,18.403333333333336,FRED_VXOCLS_then_VIXCLS
2025-07-31,120.1127,FRED_TWEXBMTH_then_TWEXBGSMTH,4.25,16.381304347826084,FRED_VXOCLS_then_VIXCLS
2025-08-31,120.5758,FRED_TWEXBMTH_then_TWEXBGSMTH,4.12,15.75,FRED_VXOCLS_then_VIXCLS
2025-09-30,120.0291,FRED_TWEXBMTH_then_TWEXBGSMTH,3.92,15.789090909090909,FRED_VXOCLS_then_VIXCLS
2025-10-31,120.7618,FRED_TWEXBMTH_then_TWEXBGSMTH,3.82,18.086521739130436,FRED_VXOCLS_then_VIXCLS
2025-11-30,121.4177,FRED_TWEXBMTH_then_TWEXBGSMTH,3.78,19.7695,FRED_VXOCLS_then_VIXCLS
2025-12-31,120.1883,FRED_TWEXBMTH_then_TWEXBGSMTH,3.59,15.548181818181819,FRED_VXOCLS_then_VIXCLS
2026-01-31,119.2298,FRED_TWEXBMTH_then_TWEXBGSMTH,3.57,16.17904761904762,FRED_VXOCLS_then_VIXCLS
2026-02-28,117.906,FRED_TWEXBMTH_then_TWEXBGSMTH,3.6,19.207,FRED_VXOCLS_then_VIXCLS
2026-03-31,,,3.61,25.596818181818183,FRED_VXOCLS_then_VIXCLS
